{
  "med_prob_weights": [
    -1.049038277109689,
    1.1053868634142918,
    -0.6356443207079276,
    0.5393721840779788,
    0.2060128363888246,
    -0.21982688258977445
  ],
  "acc_prob_weights": [
    -1.0535270389913731,
    -0.8172432182414305,
    -0.6068537700986714,
    -0.01899552595162042,
    -0.16352278905952058,
    -0.45790853951651606
  ],
  "inc_prob_weights": [
    -1.6060388160170014,
    -0.33616409765834354,
    -0.7604858606800261,
    0.06591480403120956,
    1.7485898975667085,
    -1.3544335286947429
  ],
  "med_cost_weights": [
    -0.037851344295329686,
    0.06413459065060911,
    0.24616677713012822,
    0.0008286797445772971,
    -0.0006447428070715856,
    -0.0015780051408034092
  ],
  "acc_cost_weights": [
    -0.030898693651290287,
    0.0069206698156838355,
    0.31265118474077136,
    0.05482645207948161,
    0.0005324837722264306,
    0.004204485299587904
  ],
  "inc_cost_weights": [
    -1.4238122393598434,
    0.02278255087567868,
    7.481546506491279,
    0.8259415790265572,
    0.5441193090149279,
    -0.11966139403552871
  ],
  "cost_scale": 1000000.0,
  "feature_names": [
    "age_norm",
    "income_norm",
    "dep_norm",
    "liab_ratio",
    "nw_norm"
  ]
}